{
    "hdw_5": {
        "shape": 7.609207707286224,
        "loc": -1.0185577845383036,
        "scale": 1.0987727415334647
    },
    "hdw_10": {
        "shape": 27.752761751774507,
        "loc": -13.09453168043422,
        "scale": 0.8139715378636647
    }
}
